<?xml version='1.1' encoding='UTF-8'?>
<org.jvnet.hudson.plugins.thinbackup.backup.PluginList plugin="thinBackup@1.10">
  <plugins>
    <entry>
      <string>credentials-binding</string>
      <string>1.24</string>
    </entry>
    <entry>
      <string>build-timeout</string>
      <string>1.20</string>
    </entry>
    <entry>
      <string>structs</string>
      <string>1.22</string>
    </entry>
    <entry>
      <string>credentials</string>
      <string>2.3.18</string>
    </entry>
    <entry>
      <string>jdk-tool</string>
      <string>1.5</string>
    </entry>
    <entry>
      <string>workflow-step-api</string>
      <string>2.23</string>
    </entry>
    <entry>
      <string>trilead-api</string>
      <string>1.0.13</string>
    </entry>
    <entry>
      <string>plain-credentials</string>
      <string>1.7</string>
    </entry>
    <entry>
      <string>command-launcher</string>
      <string>1.5</string>
    </entry>
    <entry>
      <string>antisamy-markup-formatter</string>
      <string>2.1</string>
    </entry>
    <entry>
      <string>bouncycastle-api</string>
      <string>2.20</string>
    </entry>
    <entry>
      <string>jaxb</string>
      <string>2.3.0.1</string>
    </entry>
    <entry>
      <string>ssh-credentials</string>
      <string>1.18.1</string>
    </entry>
    <entry>
      <string>token-macro</string>
      <string>2.15</string>
    </entry>
    <entry>
      <string>cloudbees-folder</string>
      <string>6.15</string>
    </entry>
    <entry>
      <string>script-security</string>
      <string>1.76</string>
    </entry>
    <entry>
      <string>scm-api</string>
      <string>2.6.4</string>
    </entry>
    <entry>
      <string>thinBackup</string>
      <string>1.10</string>
    </entry>
    <entry>
      <string>Hudson core</string>
      <string>2.277.3</string>
    </entry>
  </plugins>
  <pluginsXml>/home/juanf/repositorios/cypressOutisCourse-gl/FULL-2021-05-01_21-22/installedPlugins.xml</pluginsXml>
</org.jvnet.hudson.plugins.thinbackup.backup.PluginList>